[ひな祭り]藤居朋,fuji_tomo
[制服ﾍﾞｰｼﾞｭ]天海春香,amami_haruka
[水泳大会]ﾒｱﾘｰ･ｺｸﾗﾝ,cochrane_mary
[白き少女]望月聖,mochiduki_hijiri
[等身大の素顔]南条光,nanjo_hikaru
[聖夜の使者]ｲｳﾞ･ｻﾝﾀｸﾛｰｽ,santaclaus_eve
[運気上昇]鷹富士茄子,takafuji_kako
[ｸﾘｽﾏｽﾊﾟｰﾃｨｰ]原田美世,harada_miyo
[ﾆｭｰｳｪｰﾌﾞ]土屋亜子,tsuchiya_ako
[ﾆｭｰｳｪｰﾌﾞ]大石泉,oishi_izumi
[ﾆｭｰｳｪｰﾌﾞ]村松さくら,muramatsu_sakura
[ﾑｰﾝﾗｲﾄﾊﾞﾆｰ]古澤頼子,furusawa_yoriko
[ﾑｰﾝﾗｲﾄﾊﾞﾆｰ]池袋晶葉,ikebukuro_akiha
一ノ瀬志希,ichinose_shiki
三好紗南,miyoshi_sana
三村かな子,mimura_kanako
三浦あずさ,miura_azusa
三船美優,mifune_miyu
上条春菜,kamijo_haruna
上田鈴帆,ueda_suzuho
並木芽衣子,namiki_meiko
中野有香,nakano_yuka
丹羽仁美,tanba_hitomi
乙倉悠貴,otokura_yuki
二宮飛鳥,ninomiya_asuka
五十嵐響子,igarashi_kyoko
井村雪菜,imura_yukina
今井加奈,imai_kana
仙崎恵磨,senzaki_ema
伊集院惠,ijuin_megumi
佐々木千枝,sasaki_chie
佐久間まゆ,sakuma_mayu
佐城雪美,sajo_yukimi
佐藤心,sato_shin
依田芳乃,yorita_yoshino
八神ﾏｷﾉ,yagami_makino
兵藤ﾚﾅ,hyodo_rena
冴島清美,saejima_kiyomi
前川みく,maekawa_miku
北川真尋,kitagawa_mahiro
北条加蓮,hojo_karen
十時愛梨,totoki_airi
及川雫,oikawa_shizuku
双海亜美,futami_ami
双海真美,futami_mami
双葉杏,hutaba_anzu
古賀小春,koga_koharu
吉岡沙紀,yoshioka_saki
向井拓海,mukai_takumi
和久井留美,wakui_rumi
喜多日菜子,kita_hinako
喜多見柚,kitami_yuzu
四条貴音,shijo_takane
城ヶ崎美嘉,jogasaki_mika
城ヶ崎莉嘉,jogasaki_rika
堀裕子,hori_yuko
塩見周子,shiomi_shuko
多田李衣菜,tada_rina
大原みちる,ohara_michiru
大和亜季,yamato_aki
大槻唯,otsuki_yui
大沼くるみ,onuma_kurumi
大西由里子,onishi_yuriko
太田優,ota_yu
奥山沙織,okuyama_saori
如月千早,kisaragi_chihaya
姫川友紀,himekawa_yuki
安斎都,anzai_miyako
安部菜々,abe_nana
宮本ﾌﾚﾃﾞﾘｶ,miyamoto_frederica
小室千奈美,komuro_chinami
小日向美穂,kohinata_miho
小早川紗枝,kobayakawa_sae
小松伊吹,komatsu_ibuki
小関麗奈,koseki_reina
岡崎泰葉,okazaki_yasuha
岸部彩華,kishibe_ayaka
島村卯月,shimamura_uduki
川島瑞樹,kawashima_mizuki
工藤忍,kudo_shinobu
市原仁奈,ichihara_nina
愛野渚,aino_nagisa
成宮由愛,narumiya_yua
我那覇響,ganaha_hibiki
持田亜里沙,mochida_arisa
斉藤洋子,saito_yoko
新田美波,nitta_minami
日下部若葉,kusakabe_wakaba
日野茜,hino_akane
早坂美玲,hayasaka_mirei
星井美希,hoshi_miki
星輝子,hoshi_shoko
月宮雅,tsukimiya_miyabi
有浦柑奈,ariura_kanna
服部瞳子,hattori_shoko
木場真奈美,kiba_manami
木村夏樹,kimura_natsuki
本田未央,honda_mio
杉坂海,sugisaka_umi
村上巴,murakami_tomoe
東郷あい,togo_ai
松原早耶,matsubara_sae
松尾千鶴,matsuo_chiduru
松山久美子,matsuyama_kumiko
松本沙理奈,matsumoto_sarina
松永涼,matsunaga_ryo
柊志乃,hiragi_sino
柳清良,yanagi_seira
柳瀬美由紀,yanase_miyuki
栗原ﾈﾈ,kurihara_nene
桃井あずき,momoi_azuki
桐野ｱﾔ,kirino_aya
梅木音葉,umeki_otoha
棟方愛海,atsumi_munakata
森久保乃々,morikubo_nono
椎名法子,shina_noriko
楊菲菲,yao_feifei
榊原里美,sakakibara_satomi
槙原志保,makihara_shiho
横山千佳,yokoyama_chika
橘ありす,tachibana_arisu
櫻井桃華,sakurai_momoka
氏家むつみ,uziie_mutsumi
水木聖來,mizuki_seira
水本ゆかり,mizumoto_yukari
水瀬伊織,mizuse_iori
水野翠,mizuno_midori
江上椿,egami_tsubaki
沢田麻理菜,sawada_yurina
浅利七海,asari_nanami
浅野風香,asano_fuka
浜口あやめ,hamaguchi_ayame
浜川愛結奈,hamakawa_ayuna
海老原菜帆,ebihara_naho
涼宮星花,suzumiya_seika
渋谷凛,shibuya_rin
瀬名詩織,sena_shiori
片桐早苗,katagiri_sanae
白坂小梅,shirasaka_koume
白菊ほたる,shiragiku_hotaru
的場梨沙,matoba_risa
相原雪乃,aihara_yukino
相川千夏,aikawa_chinatsu
相葉夕美,aiba_yumi
相馬夏美,soma_ natsumi
真鍋いつき,manabe_itsuki
矢口美羽,yaguchi_miwa
神崎蘭子,kanzaki_ranko
神谷奈緒,kamiya_nao
福山舞,fukuyama_mai
秋月律子,akiduki_ritsuko
篠原礼,shinohara_rei
結城晴,yuki_sei
綾瀬穂乃香,ayase_honoka
緒方智絵里,ogata_chieri
脇山珠美,wakiyama_tamami
若林智香,wakabayashi_tomoka
荒木比奈,araki_hina
菊地真,kukuchi_makoto
萩原雪歩,hagiwara_yukiho
藤原肇,fujiwara_hajime
藤本里奈,fujimoto_rina
衛藤美紗希,goto_misaki
西園寺琴歌,saionji_kotoka
西島櫂,nishijima_kai
西川保奈美,nishikawa_honami
諸星きらり,moroboshi_kirari
財前時子,zaizen_tokiko
赤城みりあ,akagi_miria
赤西瑛梨華,akanishi_erika
輿水幸子,koshimizu_sachiko
速水奏,hayami_kanade
遊佐こずえ,yusa_kozue
道明寺歌鈴,domyoji_karin
野々村そら,nonomura_sora
長富蓮実,nagatomi_hasumi
間中美里,nonaka_misato
関裕美,seki_hiromi
難波笑美,nanba_emi
首藤葵,shuto_aoi
高垣楓,takagaki_kaede
高峯のあ,takamine_noa
高森藍子,takamori_aiko
高槻やよい,takatsuki_yayoi
高橋礼子,takahashi_reiko
鷺沢文香,sagisawa_fumika
黒川千秋,kurokawa_chiaki
龍崎薫,ryuzaki_kaoru
ｱﾅｽﾀｼｱ,anastasia
ｷｬｼｰ･ｸﾞﾗﾊﾑ,cathy_graham
ｸﾗﾘｽ,claris
ｹｲﾄ,kate
ﾄﾚｰﾅｰ,trainer
ﾅﾀｰﾘｱ,natalia
ﾍﾚﾝ,helen
ﾍﾞﾃﾗﾝﾄﾚｰﾅｰ,veteran_trainer
ﾏｽﾀｰﾄﾚｰﾅｰ,master_trainer
ﾗｲﾗ,laila
ﾙｰｷｰﾄﾚｰﾅｰ,rookie_trainer
