[ひな祭り]藤居朋,tomo_fuji
[制服ﾍﾞｰｼﾞｭ]天海春香,haruka_amami
[水泳大会]ﾒｱﾘｰ･ｺｸﾗﾝ,mary_cochrane
[白き少女]望月聖,hijiri_mochiduki
[等身大の素顔]南条光,hikaru_nanjo
[聖夜の使者]ｲｳﾞ･ｻﾝﾀｸﾛｰｽ,eve_santaclaus
[運気上昇]鷹富士茄子,nako_takafuji
[ｸﾘｽﾏｽﾊﾟｰﾃｨｰ]原田美世,miyo_harada
[ﾆｭｰｳｪｰﾌﾞ]土屋亜子,ako_tsuchiya
[ﾆｭｰｳｪｰﾌﾞ]大石泉,izumi_oishi
[ﾆｭｰｳｪｰﾌﾞ]村松さくら,sakura_muramatsu
[ﾑｰﾝﾗｲﾄﾊﾞﾆｰ]古澤頼子,yoriko_furusawa
[ﾑｰﾝﾗｲﾄﾊﾞﾆｰ]池袋晶葉,akiha_ikebukuro
一ノ瀬志希,shiki_ichinose
三好紗南,sana_miyoshi
三村かな子,kanako_mimura
三浦あずさ,azusa_miura
三船美優,miyu_mifune
上条春菜,haruna_kamijo
上田鈴帆,suzuho_ueda
並木芽衣子,meiko_namiki
中野有香,yuka_nakano
丹羽仁美,hitomi_tanba
乙倉悠貴,yuki_otokura
二宮飛鳥,asuka_ninomiya
五十嵐響子,kyoko_igarashi
井村雪菜,yukina_imura
今井加奈,kana_imai
仙崎恵磨,ema_senzaki
伊集院惠,megumi_ijuin
佐々木千枝,chie_sasaki
佐久間まゆ,mayu_sakuma
佐城雪美,yukimi_sajo
佐藤心,shin_sato
依田芳乃,yoshino_yorita
八神ﾏｷﾉ,makino_yagami
兵藤ﾚﾅ,rena_hyodo
冴島清美,kiyomi_saejima
前川みく,miku_maekawa
北川真尋,mahiro_kitagawa
北条加蓮,karen_hojo
十時愛梨,airi_totoki
及川雫,shizuku_oikawa
双海亜美,ami_futami
双海真美,mami_futami
双葉杏,anzu_hutaba
古賀小春,koharu_koga
吉岡沙紀,saki_yoshioka
向井拓海,takumi_mukai
和久井留美,rumi_wakui
喜多日菜子,hinako_kita
喜多見柚,yuzu_kitami
四条貴音,takane_shijo
城ヶ崎美嘉,mika_jogasaki
城ヶ崎莉嘉,rika_jogasaki
堀裕子,yuko_hori
塩見周子,shuko_shiomi
多田李衣菜,rina_tada
大原みちる,michiru_ohara
大和亜季,aki_yamato
大槻唯,yui_otsuki
大沼くるみ,kurumi_onuma
大西由里子,yuriko_onishi
太田優,yu_ota
奥山沙織,saori_okuyama
如月千早,chihaya_kisaragi
姫川友紀,yuki_himekawa
安斎都,miyako_anzai
安部菜々,nana_abe
宮本ﾌﾚﾃﾞﾘｶ,frederica_miyamoto
小室千奈美,chinami_komuro
小日向美穂,miho_kohinata
小早川紗枝,sae_kobayakawa
小松伊吹,ibuki_komatsu
小関麗奈,reina_koseki
岡崎泰葉,yasuha_okazaki
岸部彩華,ayaka_kishibe
島村卯月,uduki_shimamura
川島瑞樹,mizuki_kawashima
工藤忍,shinobu_kudo
市原仁奈,nina_ichihara
愛野渚,nagisa_aino
成宮由愛,yua_narumiya
我那覇響,hibiki_ganaha
持田亜里沙,arisa_mochida
斉藤洋子,yoko_saito
新田美波,minami_nitta
日下部若葉,wakaba_kusakabe
日野茜,akane_hino
早坂美玲,mirei_hayasaka
星井美希,miki_hoshi
星輝子,shoko_hoshi
月宮雅,miyabi_tsukimiya
有浦柑奈,kanna_ariura
服部瞳子,shoko_hattori
木場真奈美,manami_kiba
木村夏樹,natsuki_kimura
本田未央,mio_honda
杉坂海,umi_sugisaka
村上巴,tomoe_murakami
東郷あい,ai_togo
松原早耶,sae_matsubara
松尾千鶴,chiduru_matsuo
松山久美子,kumiko_matsuyama
松本沙理奈,sarina_matsumoto
松永涼,ryo_matsunaga
柊志乃,sino_hiragi
柳清良,seira_yanagi
柳瀬美由紀,miyuki_yanase
栗原ﾈﾈ,nene_kurihara
桃井あずき,azuki_momoi
桐野ｱﾔ,aya_kirino
梅木音葉,otoha_umeki
棟方愛海,munakata_atsumi
森久保乃々,nono_morikubo
椎名法子,noriko_shina
楊菲菲,feifei_yo
榊原里美,satomi_sakakibara
槙原志保,shiho_makihara
横山千佳,chika_yokoyama
橘ありす,arisu_tachibana
櫻井桃華,momoka_sakurai
氏家むつみ,mutsumi_uziie
水木聖來,seira_mizuki
水本ゆかり,yukari_mizumoto
水瀬伊織,iori_mizuse
水野翠,midori_mizuno
江上椿,tsubaki_egami
沢田麻理菜,yurina_sawada
浅利七海,nanami_asari
浅野風香,fuka_asano
浜口あやめ,ayame_hamaguchi
浜川愛結奈,ayuna_hamakawa
海老原菜帆,naho_ebihara
涼宮星花,seika_suzumiya
渋谷凛,rin_shibuya
瀬名詩織,shiori_sena
片桐早苗,sanae_katagiri
白坂小梅,koume_shirasaka
白菊ほたる,hotaru_shiragiku
的場梨沙,risa_matoba
相原雪乃,yukino_aihara
相川千夏,chinatsu_aikawa
相葉夕美,yumi_aiba
相馬夏美, natsumi_soma
真鍋いつき,itsuki_manabe
矢口美羽,miwa_yaguchi
神崎蘭子,ranko_kanzaki
神谷奈緒,nao_kamiya
福山舞,mai_fukuyama
秋月律子,ritsuko_akiduki
篠原礼,rei_shinohara
結城晴,sei_yuki
綾瀬穂乃香,honoka_ayase
緒方智絵里,chieri_ogata
脇山珠美,tamami_wakiyama
若林智香,tomoka_wakabayashi
荒木比奈,hina_araki
菊地真,makoto_kukuchi
萩原雪歩,yukiho_hagiwara
藤原肇,hajime_fujiwara
藤本里奈,rina_fujimoto
衛藤美紗希,misaki_goto
西園寺琴歌,kotoka_saionji
西島櫂,kai_nishijima
西川保奈美,honami_nishikawa
諸星きらり,kirari_moroboshi
財前時子,tokiko_zaizen
赤城みりあ,miria_akagi
赤西瑛梨華,erika_akanishi
輿水幸子,sachiko_koshimizu
速水奏,kanade_hayami
遊佐こずえ,kozue_yusa
道明寺歌鈴,karin_domyoji
野々村そら,sora_nonomura
長富蓮実,hasumi_nagatomi
間中美里,misato_nonaka
関裕美,hiromi_seki
難波笑美,emi_nanba
首藤葵,aoi_shuto
高垣楓,kaede_takagaki
高峯のあ,noa_takamine
高森藍子,aiko_takamori
高槻やよい,yayoi_takatsuki
高橋礼子,reiko_takahashi
鷺沢文香,fumika_sagisawa
黒川千秋,chiaki_kurokawa
龍崎薫,kaoru_ryuzaki
ｱﾅｽﾀｼｱ,anastasia
ｷｬｼｰ･ｸﾞﾗﾊﾑ,cathy_graham
ｸﾗﾘｽ,claris
ｹｲﾄ,kate
ﾄﾚｰﾅｰ,trainer
ﾅﾀｰﾘｱ,natalia
ﾍﾚﾝ,helen
ﾍﾞﾃﾗﾝﾄﾚｰﾅｰ,veteran_trainer
ﾏｽﾀｰﾄﾚｰﾅｰ,master_trainer
ﾗｲﾗ,laila
ﾙｰｷｰﾄﾚｰﾅｰ,rookie_trainer
